{"cameraMode":{"drawMode":0,"name":"Shaded","section":"Shading Mode"},"sceneLighting":true,"audioPlay":false,"sceneViewState":{"showFog":true,"showMaterialUpdate":false,"showSkybox":true,"showFlares":true,"showImageEffects":true,"showParticleSystems":true},"in2DMode":false,"pivot":{"x":-0.21468734741210938,"y":10.118698120117188,"z":2.3350915908813478},"rotation":{"x":-0.11535363644361496,"y":0.87305748462677,"z":-0.25039908289909365,"w":-0.40219953656196597},"size":14.125935554504395,"orthographic":false}